,City,Cloudiness,Country,Date,Humidity,Lat,Lng,Max Temp,Wind Speed
0,Praya,40,ID,1578444908,78,-8.71,116.27,301.15,6.2
1,Bredasdorp,0,ZA,1578444908,88,-34.53,20.04,294.15,2.1
2,Tiksi,97,RU,1578444908,89,71.64,128.87,250.71,2.41
3,Jamestown,0,AU,1578444908,22,-33.21,138.6,300.73,6.5
4,Maragogi,0,BR,1578444844,72,-9.01,-35.22,300.08,5.68
5,Ushuaia,90,AR,1578444909,87,-54.81,-68.31,283.15,4.6
6,San Patricio,0,PY,1578444909,30,-26.98,-56.83,298.43,1.91
7,Port Keats,100,AU,1578444909,72,-14.25,129.55,302.61,2.08
8,Ukiah,90,US,1578444909,62,39.15,-123.21,285.93,1.5
9,Mataura,95,NZ,1578444909,57,-46.19,168.86,287.73,2.48
10,Punta Arenas,92,CL,1578444625,58,-53.16,-70.91,286.15,4.6
11,Bambous Virieux,75,MU,1578444909,94,-20.34,57.76,298.15,2.51
12,Buala,76,SB,1578444909,77,-8.15,159.59,302.13,5.15
13,Dankov,35,RU,1578444909,79,53.25,39.16,268.15,2.0
14,Kenai,1,US,1578444910,76,60.55,-151.26,254.26,1.5
15,Puerto Ayora,75,EC,1578444910,74,-0.74,-90.35,300.15,3.6
16,Bolshoy Kamen,100,RU,1578444910,72,43.12,132.36,264.15,7.0
17,Longyearbyen,40,NO,1578444910,68,78.22,15.63,272.15,17.0
18,Port Hedland,90,AU,1578444910,94,-20.31,118.58,299.15,10.3
19,Aklavik,5,CA,1578444910,72,68.22,-135.01,235.15,1.5
20,Antalaha,33,MG,1578444910,80,-14.9,50.28,300.18,4.39
21,Bonavista,90,CA,1578444910,83,48.65,-53.11,267.59,4.24
22,Luderitz,74,NA,1578444910,93,-26.65,15.16,290.15,1.5
23,Husavik,98,CA,1578444910,78,50.56,-96.99,253.71,1.79
24,Klaksvik,96,FO,1578444911,69,62.23,-6.59,276.15,7.7
25,Taltal,0,CL,1578444911,86,-25.41,-70.49,290.22,0.91
26,Hermanus,0,ZA,1578444911,94,-34.42,19.24,292.59,3.58
27,Gat,99,SN,1578444911,68,14.69,-16.54,292.15,6.2
28,Kaitangata,76,NZ,1578444911,71,-46.28,169.85,285.17,2.15
29,Yellowknife,20,CA,1578444911,66,62.45,-114.38,238.15,1.0
30,Codrington,35,AU,1578444911,43,-28.95,153.24,304.82,2.6
31,Chuy,0,UY,1578444911,61,-33.69,-53.46,292.02,3.54
32,Leshukonskoye,99,RU,1578444911,94,64.9,45.76,268.03,4.41
33,Mahebourg,75,MU,1578444912,94,-20.41,57.7,298.15,1.31
34,Hilo,75,US,1578444818,45,19.71,-155.08,303.15,7.2
35,Severo-Kurilsk,59,RU,1578444912,90,50.68,156.12,267.35,5.88
36,Rikitea,11,PF,1578444912,77,-23.12,-134.97,298.52,8.43
37,Mackenzie,90,CA,1578444912,84,55.34,-123.09,260.15,5.7
38,Atuona,9,PF,1578444912,78,-9.8,-139.03,300.31,6.38
39,Castro,90,CL,1578444912,76,-42.48,-73.76,286.15,3.1
40,New Norfolk,20,AU,1578444912,43,-42.78,147.06,296.48,5.1
41,Nemuro,75,JP,1578444912,85,43.32,145.57,268.15,2.42
42,Torbay,90,CA,1578444912,85,47.66,-52.73,268.71,3.6
43,Le Port,41,FR,1578444913,88,42.87,1.37,278.71,1.34
44,Georgetown,75,GY,1578444913,83,6.8,-58.16,300.15,4.1
45,Nanortalik,100,GL,1578444913,88,60.14,-45.24,267.3,1.93
46,Arraial do Cabo,20,BR,1578444618,88,-22.97,-42.02,299.15,2.6
47,Bethel,1,US,1578444913,68,60.79,-161.76,247.15,7.7
48,Isangel,75,VU,1578444913,55,-19.55,169.27,303.15,7.7
49,Saint George,20,GR,1578444913,68,39.45,22.34,275.93,1.5
50,Atar,5,MR,1578444913,15,20.52,-13.05,283.35,4.26
51,Kapaa,40,US,1578444913,61,22.08,-159.32,300.15,10.8
52,Kavieng,77,PG,1578444914,79,-2.57,150.8,301.65,6.47
53,Kontagora,60,NG,1578444914,24,10.4,5.47,296.23,2.6
54,Port Alfred,100,ZA,1578444914,98,-33.59,26.89,293.71,1.79
55,Huilong,100,CN,1578444914,81,31.15,106.5,281.2,2.17
56,Vaini,1,IN,1578444914,93,15.34,74.49,291.15,1.16
57,Saint-Philippe,90,CA,1578444914,73,45.36,-73.48,270.93,1.5
58,Selma,0,US,1578444914,43,32.41,-87.02,284.15,3.6
59,Tual,100,ID,1578444914,76,-5.67,132.75,301.21,4.04
60,Kloulklubed,75,PW,1578444914,70,7.04,134.26,302.15,7.2
61,Avarua,68,CK,1578444915,78,-21.21,-159.78,301.15,3.6
62,West Bay,90,CA,1578444915,93,49.34,-123.21,284.26,5.7
63,Lorengau,100,PG,1578444915,92,-2.02,147.27,298.95,5.2
64,Melfort,1,CA,1578444915,83,52.87,-104.61,247.15,3.1
65,Andra,10,RU,1578444915,94,62.52,65.89,255.88,1.8
66,Ribeira Grande,20,PT,1578444915,91,38.52,-28.7,289.12,6.96
67,Kolokani,34,ML,1578444915,16,13.58,-8.03,291.7,4.45
68,Kindersley,75,CA,1578444865,70,51.47,-109.16,257.04,6.7
69,Jizan,40,SA,1578444915,78,16.89,42.56,299.15,2.38
70,Touros,40,BR,1578444915,83,-5.2,-35.46,300.15,3.6
71,Kahului,40,US,1578444916,57,20.89,-156.47,300.15,9.3
72,Bluff,57,AU,1578444916,53,-23.58,149.07,300.86,4.81
73,Bitung,75,ID,1578444916,100,1.44,125.19,297.15,2.1
74,Talnakh,75,RU,1578444916,84,69.49,88.39,258.15,10.0
75,Kalmunai,90,LK,1578444916,79,7.42,81.82,300.24,9.26
76,Kondinskoye,49,RU,1578444916,95,59.65,67.41,255.39,3.25
77,Honningsvag,80,NO,1578444916,73,70.98,25.97,276.9,8.15
78,Casa Nova,83,BR,1578444917,95,-16.03,-44.16,294.62,0.84
79,Laguna,90,BZ,1578444917,100,16.17,-88.94,294.15,0.74
80,Barrow,0,AR,1578444917,44,-38.31,-60.23,292.88,4.4
81,Rawson,36,AR,1578444917,36,-43.3,-65.11,295.62,11.2
82,Srednekolymsk,49,RU,1578444917,95,67.46,153.71,244.08,1.74
83,Habiganj,90,BD,1578444917,93,24.38,91.42,286.15,1.92
84,Samarai,100,PG,1578444917,62,-10.62,150.67,303.24,2.44
85,Oussouye,91,SN,1578444917,72,12.49,-16.54,293.15,3.1
86,Mehamn,67,NO,1578444918,87,71.03,27.85,272.84,5.61
87,Brigantine,90,US,1578444918,86,39.41,-74.36,277.04,5.7
88,Nyanguge,40,TZ,1578444918,94,-2.54,33.2,293.15,1.81
89,Port Elizabeth,90,US,1578444918,96,39.31,-74.98,277.04,2.1
90,Peniche,20,PT,1578444918,93,39.36,-9.38,282.59,1.0
91,Tynda,0,RU,1578444918,92,55.15,124.74,247.77,0.88
92,Victoria,75,BN,1578444918,83,5.28,115.24,301.15,3.1
93,Chapais,90,CA,1578444918,85,49.78,-74.86,263.15,6.2
94,Cherkasskoye,99,RU,1578444919,95,52.43,47.21,264.84,1.73
95,Siemiatycze,0,PL,1578444919,86,52.43,22.86,269.82,0.45
96,Tigil,97,RU,1578444919,73,57.8,158.67,259.87,1.3
97,Geraldton,75,CA,1578444919,65,49.72,-86.95,257.15,7.2
98,Comodoro Rivadavia,20,AR,1578444919,24,-45.87,-67.48,293.15,10.8
99,Ambon,90,FR,1578444919,100,47.55,-2.56,285.37,3.6
100,Tuktoyaktuk,40,CA,1578444919,66,69.44,-133.03,237.15,5.7
101,Carnarvon,100,ZA,1578444919,81,-30.97,22.13,292.13,5.68
102,Cape Town,75,ZA,1578444920,100,-33.93,18.42,292.59,2.6
103,Esperance,0,AU,1578444920,69,-33.86,121.89,296.15,4.1
104,Yabassi,75,CM,1578444920,94,4.46,9.97,300.15,0.51
105,Busselton,27,AU,1578444920,57,-33.64,115.35,296.48,1.34
106,Sindor,100,RU,1578444920,94,62.87,51.9,264.32,3.25
107,Cabo San Lucas,20,MX,1578444868,68,22.89,-109.91,296.15,4.6
108,Kamyshin,100,RU,1578444920,97,50.08,45.4,270.52,2.21
109,Csanadapaca,20,HU,1578444920,100,46.55,20.88,269.82,1.0
110,Bathsheba,20,BB,1578444920,69,13.22,-59.52,299.15,7.7
111,Balkhash,75,KZ,1578444920,85,46.84,74.98,261.15,4.0
112,Upernavik,100,GL,1578444921,72,72.79,-56.15,247.5,2.01
113,Albany,90,US,1578444754,68,42.65,-73.75,273.71,1.5
114,Salalah,0,OM,1578444921,53,17.01,54.1,297.15,5.1
115,Puerto Baquerizo Moreno,75,EC,1578444921,94,-0.9,-89.6,297.15,2.6
116,Namibe,100,AO,1578444921,80,-15.19,12.15,296.23,1.23
117,Petropavlovsk-Kamchatskiy,96,RU,1578444921,61,53.05,158.65,264.15,2.0
118,Mount Gambier,89,AU,1578444683,47,-37.83,140.78,297.15,4.6
119,Trinidad,98,BO,1578444921,93,-14.83,-64.9,298.13,1.38
120,Coquimbo,0,CL,1578444779,77,-29.95,-71.34,291.15,3.6
121,Dunmore East,78,IE,1578444922,88,52.15,-6.99,283.15,2.24
122,East London,100,ZA,1578444839,88,-33.02,27.91,296.88,7.63
123,Sola,13,TZ,1578444922,89,-3.17,33.8,291.31,0.71
124,Caronport,92,CA,1578444922,83,50.46,-105.81,255.93,1.34
125,Nuqui,52,CO,1578444922,82,5.71,-77.27,299.37,3.97
126,Birjand,0,IR,1578444922,85,32.86,59.22,268.15,3.1
127,Narsaq,77,GL,1578444923,78,60.91,-46.05,261.15,1.0
128,Nikolskoye,90,RU,1578444923,80,59.7,30.79,277.15,4.0
129,Fort-Shevchenko,100,KZ,1578444923,65,44.51,50.26,274.4,7.6
130,Thompson,40,CA,1578444843,75,55.74,-97.86,247.15,2.1
131,Pauini,75,BR,1578444923,85,-7.71,-67.0,299.01,1.67
132,Ocean City,1,US,1578444692,35,30.44,-86.61,287.59,2.6
133,Qaanaaq,15,GL,1578444923,81,77.48,-69.36,241.2,0.48
134,Muros,75,ES,1578444923,100,42.77,-9.06,285.93,2.1
135,Osterburg,80,DE,1578444924,99,52.79,11.75,278.15,2.24
136,Lishui,2,CN,1578444924,83,28.45,119.91,278.08,2.11
137,Chern,98,RU,1578444924,96,53.45,36.91,269.69,3.03
138,Kholmsk,34,RU,1578444924,84,47.05,142.05,260.15,2.0
139,Trairi,100,BR,1578444726,83,-3.28,-39.27,297.57,0.37
140,Ust-Nera,100,RU,1578444924,99,64.57,143.24,241.55,0.82
141,Leningradskiy,77,RU,1578444924,91,69.38,178.42,248.66,4.93
142,Nanchang,0,CN,1578444924,81,28.68,115.89,278.53,2.96
143,Saskylakh,96,RU,1578444924,97,71.97,114.09,253.4,3.62
144,Airai,49,TL,1578444924,57,-8.93,125.41,298.41,0.78
145,Walvis Bay,0,NA,1578444925,88,-22.95,14.51,291.48,1.5
146,Souillac,90,FR,1578444925,100,45.6,-0.6,284.15,1.5
147,Iida,100,JP,1578444925,100,35.45,137.9,284.26,1.41
148,Zhezkazgan,72,KZ,1578444925,99,47.8,67.71,257.45,0.5
149,Singaparna,74,ID,1578444925,84,-7.35,108.11,296.18,0.28
150,Norman Wells,5,CA,1578444925,64,65.28,-126.83,231.15,1.0
151,Chokurdakh,0,RU,1578444925,93,70.62,147.9,240.89,2.57
152,Betong,100,MY,1578444925,98,5.77,101.07,293.44,1.5
153,Matagami,12,NG,1578444925,32,9.67,8.4,294.58,2.93
154,Guerrero Negro,93,MX,1578444926,31,27.97,-114.04,294.0,2.99
155,Naze,100,NG,1578444926,78,5.43,7.07,297.15,1.68
156,Pearl Lagoon,0,NI,1578444926,78,12.34,-83.67,300.04,10.93
157,Mumbwa,98,ZM,1578444926,95,-14.99,27.06,291.05,2.31
158,Hobart,20,AU,1578444822,43,-42.88,147.33,296.48,5.1
159,Caravelas,1,BR,1578444926,90,-17.73,-39.27,296.86,3.61
160,Strezhevoy,44,RU,1578444926,84,60.73,77.6,255.15,1.0
161,San Jose del Palmar,20,CO,1578444926,69,4.97,-76.23,297.15,2.1
162,Kuliyapitiya,40,LK,1578444926,94,7.47,80.04,298.15,2.1
163,Vestmannaeyjar,100,IS,1578444927,62,63.44,-20.27,272.94,22.0
164,Dikson,93,RU,1578444927,97,73.51,80.55,254.95,3.91
165,Wallasey,40,GB,1578444927,82,53.42,-3.06,286.15,4.6
166,Udachnyy,75,RU,1578444927,92,66.42,112.4,258.15,2.0
167,Ewing,90,US,1578444927,86,40.27,-74.8,276.48,2.6
168,Agirish,38,RU,1578444927,90,61.92,63.02,258.79,3.12
169,Ucluelet,90,CA,1578444927,93,48.94,-125.55,281.48,4.6
170,Khatanga,94,RU,1578444927,95,71.98,102.47,258.26,4.26
171,Pisco,12,PE,1578444782,83,-13.71,-76.2,296.15,6.7
172,Mar del Plata,66,AR,1578444876,20,-46.43,-67.52,292.16,14.58
173,Pevek,0,RU,1578444928,76,69.7,170.27,250.07,6.03
174,Maxixe,0,MZ,1578444818,82,-23.86,35.35,299.66,4.48
175,Kysyl-Syr,99,RU,1578444928,97,63.9,122.77,256.22,1.13
176,Chibuto,0,MZ,1578444928,95,-24.69,33.53,295.57,1.23
177,Kultayevo,80,RU,1578444928,85,57.89,55.94,262.15,0.7
178,Najran,0,SA,1578444928,72,17.54,44.22,288.15,2.1
179,Guhagar,7,IN,1578444929,78,17.48,73.19,298.46,5.65
180,Tasiilaq,100,GL,1578444929,45,65.61,-37.64,259.55,12.55
181,Kalemie,93,CD,1578444929,92,-5.95,29.2,291.41,0.84
182,Iskateley,14,RU,1578444929,96,67.68,53.15,257.14,4.97
183,Grand-Lahou,0,CI,1578444929,76,5.24,-5.0,300.01,5.84
184,Kodiak,1,US,1578444799,51,39.95,-94.76,279.26,4.6
185,Nyimba,100,ZM,1578444929,95,-14.56,30.81,293.23,2.65
186,Deputatskiy,100,RU,1578444929,93,69.3,139.9,251.15,1.54
187,Gulfport,1,US,1578444930,50,30.37,-89.09,286.15,2.37
188,Sabha,0,LY,1578444930,52,27.03,14.43,279.31,3.22
189,Cockburn Town,16,TC,1578444930,80,21.46,-71.14,298.84,6.57
190,Prince Rupert,40,CA,1578444930,69,54.32,-130.32,274.15,4.6
191,San Felipe,46,CL,1578444930,92,-32.75,-70.73,294.82,2.12
192,Cuiluan,24,CN,1578444930,95,47.72,128.65,255.33,1.91
193,Tessalit,52,ML,1578444930,16,20.2,1.01,289.07,7.91
194,Butembo,2,CD,1578444930,79,0.12,29.29,289.82,1.72
195,Wahiawa,75,US,1578444702,69,21.5,-158.02,301.15,7.2
196,Buin,26,CL,1578444931,40,-33.73,-70.74,296.15,2.1
197,Kulhudhuffushi,35,MV,1578444931,69,6.62,73.07,300.77,2.07
198,Kichmengskiy Gorodok,95,RU,1578444931,94,59.99,45.81,264.74,3.37
199,Traverse City,40,US,1578444727,68,44.76,-85.62,274.15,7.7
200,Celestun,0,MX,1578444931,68,20.87,-90.4,296.14,9.12
201,Port-Gentil,100,GA,1578444931,82,-0.72,8.78,300.82,5.92
202,Werda,100,BW,1578444931,82,-25.27,23.28,293.62,6.23
203,Datong,22,CN,1578444931,81,40.09,113.3,258.16,0.98
204,Monrovia,20,LR,1578444932,94,6.33,-10.8,296.15,3.34
205,San Buenaventura,0,MX,1578444932,28,27.06,-101.55,287.82,2.67
206,Kumluca,100,TR,1578444932,74,36.37,30.29,280.92,2.33
207,Stokmarknes,100,NO,1578444932,86,68.56,14.91,277.59,3.13
208,Sitka,0,US,1578444932,33,37.17,-99.65,280.93,2.68
209,Xalpatlahuac,13,MX,1578444932,37,17.47,-98.62,292.39,1.74
210,Roura,89,GF,1578444932,83,4.73,-52.33,300.15,3.1
211,Saint-Georges,67,CA,1578444750,88,46.12,-70.67,264.26,2.02
212,Marawi,89,PH,1578444932,65,8.0,124.29,300.37,0.89
213,Tahe,6,CN,1578444933,86,52.34,124.71,253.86,1.54
214,Jalu,7,LY,1578444933,80,29.03,21.55,282.5,4.03
215,Butaritari,52,KI,1578444933,79,3.07,172.79,302.34,7.91
216,Yinchuan,66,CN,1578444933,52,38.48,106.21,266.85,1.99
217,Hofn,84,IS,1578444933,58,64.25,-15.21,274.08,21.06
218,Ancud,90,CL,1578444933,76,-41.87,-73.83,286.15,3.1
219,Vorontsovka,87,RU,1578444933,93,50.61,40.34,265.9,3.78
220,Nisia Floresta,40,BR,1578444784,78,-6.09,-35.21,301.15,4.6
221,Belaya Gora,65,RU,1578444933,84,68.54,146.19,242.6,1.4
222,Yabelo,60,ET,1578444933,77,4.89,38.09,291.38,4.65
223,Kurilsk,85,RU,1578444934,74,45.23,147.88,269.12,2.01
224,Port Blair,83,IN,1578444256,79,11.67,92.75,299.48,5.97
225,Usakos,0,NA,1578444934,54,-22.0,15.59,291.56,2.06
226,Turukhansk,93,RU,1578444934,96,65.8,87.96,255.39,4.76
227,Dengfeng,94,CN,1578444934,88,34.46,113.03,273.65,1.33
228,Port Hardy,90,CA,1578444934,93,50.7,-127.42,277.15,3.6
229,Malibu,40,MX,1578444696,60,16.77,-93.16,296.15,8.2
230,Sao Filipe,96,CV,1578444934,74,14.9,-24.5,292.99,10.54
231,Chara,20,GR,1578444934,68,39.42,22.43,275.93,1.5
232,Shellbrook,40,CA,1578444934,69,53.22,-106.39,249.15,1.0
233,Bilibino,0,RU,1578444935,90,68.06,166.44,239.9,1.34
234,Myitkyina,22,MM,1578444935,76,25.38,97.4,284.27,1.51
235,Sabang,60,PH,1578444935,87,13.8,121.11,296.81,2.46
236,Basco,20,US,1578444935,51,40.33,-91.2,277.15,3.6
237,Nakusp,100,CA,1578444935,97,50.24,-117.8,272.04,2.39
238,Tianjin,53,CN,1578444935,42,39.12,117.2,272.15,7.0
239,Ayan,0,IR,1578444935,49,38.23,44.7,263.31,3.29
240,San Bartolome,20,PH,1578444935,78,14.1,121.16,300.93,1.5
241,Ampanihy,0,MG,1578444936,78,-24.69,44.75,296.55,2.13
242,Killybegs,100,IE,1578444936,81,54.63,-8.45,280.37,4.47
243,Ponta do Sol,99,BR,1578444936,93,-20.63,-46.0,294.58,2.28
244,Maniitsoq,100,GL,1578444936,96,65.42,-52.9,254.86,4.64
245,Kapit,80,MY,1578444936,88,2.02,112.94,295.65,0.78
246,Ushtobe,100,KZ,1578444936,95,45.25,77.98,268.17,1.51
247,Iqaluit,90,CA,1578444936,62,63.75,-68.52,247.15,4.6
248,Nabagram,75,BD,1578444936,93,23.83,89.98,287.15,1.5
249,Xilitla,100,MX,1578444936,56,21.39,-98.99,287.57,1.17
250,Jasper,1,US,1578444901,39,33.83,-87.28,284.15,1.5
251,Sinnamary,35,GF,1578444937,84,5.38,-52.96,300.13,8.36
252,Kavaratti,36,IN,1578444937,73,10.57,72.64,300.89,5.29
253,Yulara,100,AU,1578444937,27,-25.24,130.99,305.15,8.2
254,Miraflores,40,PE,1578444937,82,-16.39,-71.52,286.15,4.6
255,Picayune,1,US,1578444937,66,30.53,-89.68,285.93,1.6
256,Vostok,96,RU,1578444937,76,46.45,135.83,260.89,0.88
257,Karpogory,100,RU,1578444937,93,64.0,44.44,269.52,4.76
258,Linxia,97,CN,1578444937,80,35.6,103.21,265.48,0.45
259,Port Macquarie,3,AU,1578444937,54,-31.43,152.91,308.71,6.2
260,Merauke,100,ID,1578444938,69,-8.49,140.4,302.82,3.87
261,Punta Alta,0,AR,1578444938,51,-27.46,-55.82,300.15,3.1
262,Kaspiysk,90,RU,1578444921,86,42.88,47.64,278.15,3.0
263,Montepuez,100,MZ,1578444938,99,-13.13,39.0,295.02,1.34
264,Half Moon Bay,90,US,1578444856,76,37.46,-122.43,286.48,4.6
265,Namatanai,100,PG,1578444938,68,-3.66,152.44,302.93,2.12
266,Ak-Dovurak,100,RU,1578444938,87,51.17,90.6,249.19,0.56
267,Henties Bay,0,NA,1578444938,88,-22.12,14.28,291.48,0.89
268,Ilulissat,40,GL,1578444939,49,69.22,-51.1,254.15,6.7
269,Churapcha,80,RU,1578444939,99,62.0,132.43,248.41,1.46
270,Ghanzi,100,BW,1578444939,83,-21.7,21.65,294.58,2.75
271,Ustye,100,RU,1578444939,86,58.76,27.79,276.66,5.02
272,Dingle,100,PH,1578444939,90,11.0,122.67,297.65,4.3
273,Ahipara,1,NZ,1578444939,67,-35.17,173.16,289.46,6.78
274,Jiayuguan,85,CN,1578444939,69,39.77,98.29,263.72,2.58
275,Cidreira,2,BR,1578444940,72,-30.17,-50.22,297.07,4.98
276,Tilichiki,100,RU,1578444940,91,60.47,166.1,256.83,3.71
277,Champerico,40,MX,1578444940,60,16.38,-93.6,296.15,8.2
278,Ikom,100,NG,1578444940,53,5.96,8.72,297.64,2.19
279,Svobodnyy,68,RU,1578444940,95,53.85,40.53,266.89,2.87
280,Bo Rai,100,TH,1578444940,94,12.57,102.54,302.59,1.34
281,Mogadishu,100,SO,1578444839,81,2.04,45.34,300.5,10.25
282,Guilin,90,CN,1578444940,66,25.28,110.29,285.15,3.0
283,Kaz,100,RU,1578444940,86,53.11,87.55,262.36,0.88
284,Omsukchan,0,RU,1578444941,80,62.53,155.8,246.62,2.77
285,Beira,90,ES,1578444941,100,43.2,-8.36,285.93,3.1
286,Faanui,13,PF,1578444941,80,-16.48,-151.75,301.02,8.19
287,Lompoc,40,US,1578444679,82,34.64,-120.46,290.15,5.7
288,Am Timan,17,TD,1578444941,32,11.04,20.28,295.21,2.24
289,Bowen,40,AU,1578444672,62,-20.01,148.25,304.82,7.2
290,Westport,90,US,1578444941,69,41.14,-73.36,277.15,2.6
291,Lisakovsk,93,KZ,1578444941,96,52.55,62.49,261.17,1.59
292,Te Anau,100,NZ,1578444941,72,-45.41,167.72,283.29,1.84
293,Chase,1,US,1578444942,39,38.35,-98.35,281.15,2.6
294,Ilabaya,77,PE,1578444942,75,-17.42,-70.51,290.46,1.73
295,San Jose de Sisa,20,PE,1578444760,100,-6.62,-76.69,290.15,1.5
296,Farafangana,68,MG,1578444942,71,-22.82,47.83,300.63,3.74
297,Butler,90,US,1578444897,74,41.43,-84.87,276.15,2.1
298,Solnechnyy,0,RU,1578444942,86,50.72,136.64,256.9,0.22
299,Semey,76,KZ,1578444942,75,50.41,80.25,246.15,1.0
300,Acapulco,40,MX,1578444943,78,16.86,-99.88,301.15,1.5
301,Tulsipur,41,IN,1578444943,80,27.53,82.41,285.15,1.9
302,Kibala,0,TD,1578444943,40,9.11,18.35,296.15,1.95
303,Wattegama,99,LK,1578444943,88,7.35,80.68,295.66,1.9
304,Huambo,100,AO,1578444943,94,-12.78,15.73,289.88,0.97
305,Lata,100,IN,1578444943,99,30.78,78.62,261.94,3.25
306,Yanam,19,IN,1578444943,88,16.73,82.22,294.15,3.1
307,Qiongshan,20,CN,1578444943,94,20.01,110.35,293.15,1.0
308,Sangar,81,RU,1578444944,96,63.92,127.47,247.79,1.33
309,Boca Del Monte,75,GT,1578444944,63,14.55,-90.52,292.15,9.3
310,Rome,40,IT,1578444774,71,41.89,12.48,280.37,2.6
311,Tura,10,RU,1578444944,93,64.27,100.22,253.22,2.11
312,Halifax,75,CA,1578444780,92,44.65,-63.58,272.04,2.1
313,Tazovskiy,95,RU,1578444944,94,67.47,78.7,259.27,5.27
314,Saldanha,54,PT,1578444944,75,41.42,-6.55,277.0,0.75
315,Valverde del Camino,0,ES,1578444944,70,37.57,-6.75,282.04,0.89
316,Hillsboro,1,US,1578444944,69,39.16,-89.49,277.04,3.6
317,Palmer,1,AU,1578444944,34,-34.85,139.16,304.82,4.6
318,Norden,75,DE,1578444945,81,53.59,7.21,281.15,8.7
319,Khani,59,GE,1578444945,45,41.96,42.96,282.15,4.1
320,Ozinki,100,RU,1578444945,89,51.2,49.73,268.21,1.91
321,Novyye Burasy,100,RU,1578444945,97,52.13,46.08,270.93,0.89
322,Oistins,20,BB,1578444934,69,13.07,-59.53,299.15,7.7
323,Bastia,52,IT,1578444945,79,44.6,8.98,283.71,7.7
324,Ashtabula,90,US,1578444710,55,41.87,-80.79,277.59,2.1
325,Cutervo,60,PE,1578444945,90,-6.38,-78.82,287.5,2.41
326,Katsuura,20,JP,1578444945,82,33.93,134.5,289.82,4.6
327,Locri,40,IT,1578444946,71,38.24,16.26,284.82,1.5
328,Quartz Hill,40,US,1578444946,18,34.65,-118.22,297.15,3.1
329,Along,98,IN,1578444946,66,28.17,94.8,282.48,1.81
330,Burnie,63,AU,1578444946,61,-41.05,145.91,294.82,4.92
331,Vardo,90,US,1578444946,92,39.62,-77.74,273.15,3.4
332,Florham Park,90,US,1578444946,74,40.79,-74.39,277.59,2.63
333,Pandan,100,PH,1578444946,79,11.72,122.09,299.51,7.76
334,Tibati,53,CM,1578444946,33,6.47,12.63,292.68,1.91
335,Oksfjord,58,NO,1578444947,85,70.24,22.35,276.15,9.8
336,Zaqatala,0,AZ,1578444947,59,41.63,46.65,275.35,1.39
337,Shimoda,75,JP,1578444947,100,34.7,138.93,286.15,3.1
338,Beyneu,100,KZ,1578444947,76,45.32,55.19,271.09,4.27
339,Siirt,22,TR,1578444947,52,37.93,41.94,274.76,1.86
340,Aketi,18,CD,1578444948,47,2.74,23.78,295.0,0.55
341,Aguia Branca,72,BR,1578444948,95,-18.98,-40.74,296.33,1.44
342,Poum,0,MK,1578444948,34,41.28,20.71,269.99,1.98
343,Homer,1,US,1578444948,60,59.64,-151.54,263.15,2.1
344,Fare,8,PF,1578444948,79,-16.7,-151.02,301.06,8.6
345,Batemans Bay,76,AU,1578444948,73,-35.71,150.18,294.82,2.57
346,Imeni Poliny Osipenko,81,RU,1578444948,96,52.42,136.49,251.32,1.36
347,Kuandian,100,CN,1578444948,74,40.73,124.78,267.22,5.14
348,Pangnirtung,78,CA,1578444948,87,66.15,-65.72,230.8,0.67
349,Lae,100,PG,1578444949,90,-6.72,146.98,296.02,2.33
350,Coihaique,90,CL,1578444949,87,-45.58,-72.07,280.15,2.1
351,Fairbanks,20,US,1578444949,73,64.84,-147.72,243.15,0.46
352,Takoradi,17,GH,1578444949,81,4.89,-1.75,299.01,3.86
353,Shingu,75,JP,1578444949,88,33.72,135.99,291.15,3.1
354,Benidorm,0,ES,1578444949,93,38.54,-0.13,281.48,1.5
355,Awallan,12,PH,1578444949,89,17.92,121.91,295.99,1.01
356,La Ronge,5,CA,1578444823,82,55.1,-105.3,245.15,1.0
357,North Platte,1,US,1578444950,59,41.12,-100.77,277.59,3.1
358,Newry,20,GB,1578444950,81,54.18,-6.34,283.15,8.7
359,Hanzhong,95,CN,1578444950,73,33.08,107.03,275.93,0.62
360,Stepnogorsk,100,KZ,1578444950,95,52.35,71.88,264.51,0.24
361,Lagos,30,NG,1578444935,83,6.46,3.39,299.15,5.51
362,Cooma,75,AU,1578444950,53,-36.24,149.13,297.15,4.1
363,Jaslo,90,PL,1578444950,88,49.75,21.47,274.82,3.6
364,Liberal,1,US,1578444951,47,37.04,-100.92,284.15,5.1
365,Danshui,0,CN,1578444951,68,22.81,114.46,295.37,7.0
366,Ukrayinka,100,UA,1578444951,91,44.96,34.06,272.98,6.56
367,Cabo Rojo,1,PR,1578444951,80,18.09,-67.15,298.71,2.6
368,Northam,0,AU,1578444951,47,-31.65,116.67,297.15,4.6
369,Mossendjo,100,CG,1578444951,98,-2.95,12.72,295.14,0.2
370,Kjollefjord,69,NO,1578444951,82,70.95,27.35,273.73,4.68
371,Lagoa,0,PT,1578444951,87,37.14,-8.45,285.93,2.6
372,Kruisfontein,99,ZA,1578444952,95,-34.0,24.73,291.89,2.47
373,Hithadhoo,98,MV,1578444952,76,-0.6,73.08,301.66,4.96
374,Hamina,90,FI,1578444952,100,60.57,27.2,276.48,7.2
375,Ponta Delgada,20,PT,1578444832,93,37.73,-25.67,291.15,4.1
376,Grindavik,75,IS,1578444952,74,63.84,-22.43,271.15,23.7
377,Alekseyevsk,100,RU,1578444952,95,57.84,108.35,262.73,3.37
378,Nuuk,90,GL,1578444952,84,64.17,-51.74,256.15,6.2
379,Ruwi,0,OM,1578444952,67,23.6,58.55,290.15,1.0
380,Waipawa,17,NZ,1578444952,42,-39.94,176.59,294.26,0.45
381,Tarko-Sale,38,RU,1578444953,84,64.92,77.78,250.93,4.99
382,Vila Velha,75,BR,1578444953,78,-3.71,-38.6,303.15,3.1
383,Benguela,100,AO,1578444953,81,-12.58,13.4,298.78,1.08
384,Carutapera,71,BR,1578444786,77,-1.2,-46.02,300.8,5.69
385,Rio Bonito,20,BR,1578444953,88,-22.71,-42.63,299.15,2.6
386,Iwanai,100,JP,1578444953,76,42.97,140.51,270.65,2.86
387,Kununurra,75,AU,1578444953,66,-15.77,128.74,303.15,4.6
388,Road Town,40,VG,1578444891,78,18.42,-64.62,299.15,3.6
389,Mendi,88,ET,1578444954,45,9.8,35.1,291.51,0.58
390,Oranjemund,90,ZA,1578444954,79,-28.55,16.43,291.12,1.65
391,Uchaly,100,RU,1578444954,93,54.32,59.38,263.26,1.72
392,Nabire,99,ID,1578444954,95,-3.36,135.5,297.41,0.38
393,Areia Branca,20,BR,1578444954,69,-10.76,-37.31,300.15,5.7
394,Kropotkin,100,RU,1578444954,81,45.43,40.58,274.82,4.73
395,Saint-Pierre,90,FR,1578444955,100,48.95,4.24,281.15,5.1
396,Lebu,40,ET,1578444955,58,8.96,38.73,285.15,4.1
397,Iralaya,20,HN,1578444955,83,15.0,-83.23,299.15,3.1
398,Beachwood,90,US,1578444955,44,41.46,-81.51,277.59,8.2
399,Bouna,3,CI,1578444955,29,9.27,-3.0,297.51,1.79
400,Hua Hin,20,TH,1578444955,77,12.57,99.96,294.15,1.39
401,Egersund,90,NO,1578444955,93,58.45,6.0,283.15,8.2
402,Brae,98,GB,1578444955,75,60.4,-1.35,281.15,14.9
403,Changde,28,CN,1578444956,90,29.04,111.68,277.94,2.35
404,Liku,100,ID,1578444956,89,-0.73,119.89,297.11,0.99
405,Savonlinna,90,FI,1578444956,93,61.87,28.88,276.15,4.1
406,Surt,82,LY,1578444956,66,31.21,16.59,284.05,4.0
407,Victoria,75,BN,1578444956,83,5.28,115.24,301.15,3.1
408,Tambun,20,ID,1578444956,83,-6.26,107.07,303.71,1.5
409,Mayor Pablo Lagerenza,99,PY,1578444956,75,-19.93,-60.77,300.22,0.69
410,Kashan,0,IR,1578444957,63,33.99,51.44,277.87,2.98
411,Ust-Kuyga,100,RU,1578444957,97,70.0,135.55,248.2,3.22
412,Barauna,100,BR,1578444957,95,-14.07,-42.49,293.28,0.67
413,Katherine,94,AU,1578444957,62,-14.47,132.26,303.15,2.1
414,Cayenne,95,GF,1578444957,83,4.94,-52.33,300.15,3.1
415,Salaga,15,GH,1578444957,31,8.55,-0.52,300.07,0.64
416,Raudeberg,100,NO,1578444958,81,61.99,5.14,283.15,12.3
417,Dali,82,CN,1578444958,76,34.79,109.94,272.72,4.18
418,Sioux Lookout,75,CA,1578444958,70,50.1,-91.92,254.15,4.6
419,Cariamanga,70,EC,1578444959,88,-4.33,-79.56,289.43,1.54
420,Koroni,0,GR,1578444959,52,36.8,21.96,281.48,2.6
421,Sandusky,40,US,1578444960,59,41.45,-82.71,277.04,8.2
422,Dubti,43,ET,1578444960,67,11.74,41.09,297.46,1.65
423,Ambovombe,0,MG,1578444960,91,-25.18,46.09,294.87,1.98
424,Klyuchi,52,RU,1578444960,90,52.25,79.17,256.9,1.05
425,Prata,91,BR,1578444789,95,-19.31,-48.92,295.14,1.37
426,Balkanabat,11,TM,1578444960,54,39.51,54.36,277.54,7.15
427,Atambua,64,ID,1578444960,68,-9.11,124.89,301.06,0.4
428,Meadow Lake,40,CA,1578444823,75,54.13,-108.44,248.15,1.5
429,Jinchang,100,CN,1578444961,65,38.52,102.19,264.56,0.86
430,Verkhnevilyuysk,95,RU,1578444961,95,63.45,120.31,260.88,2.21
431,Buraydah,0,SA,1578444961,76,26.33,43.97,286.15,7.2
432,Acucena,80,BR,1578444961,88,-19.07,-42.55,300.15,1.0
433,Vozhega,96,RU,1578444961,96,60.47,40.21,271.49,3.12
434,Macon,1,US,1578444901,37,32.84,-83.63,284.26,2.1
435,Parfino,100,RU,1578444962,90,57.97,31.65,274.48,3.39
436,Necochea,0,AR,1578444962,25,-38.55,-58.74,294.82,0.89
437,Moose Factory,90,CA,1578444962,78,51.26,-80.61,263.15,5.1
438,Guangyuan,86,CN,1578444962,80,32.43,105.86,278.71,2.09
439,Diffa,10,NE,1578444962,18,13.32,12.61,293.26,5.48
440,Cam Ranh,40,VN,1578444963,74,11.92,109.15,299.15,5.7
441,Korem,100,ET,1578444963,95,12.51,39.52,285.54,1.62
442,Avera,1,US,1578444963,43,33.19,-82.53,286.15,2.1
443,Natal,40,BR,1578444838,78,-5.81,-35.21,301.15,4.6
444,Florence,20,US,1578444963,66,34.2,-79.77,282.15,2.93
445,Cherskiy,0,RU,1578444963,74,68.75,161.3,244.61,4.02
446,Oranjestad,20,AW,1578444778,78,12.52,-70.03,300.15,7.2
447,Koshurnikovo,100,RU,1578444964,93,54.3,93.39,259.05,0.88
448,Belyy Yar,90,RU,1578444964,84,53.6,91.39,257.15,0.71
449,Nioro,83,GM,1578444964,10,13.79,-15.05,292.51,4.65
450,Murdochville,45,CA,1578444964,94,48.96,-65.49,258.16,2.49
451,Rocha,0,UY,1578444964,52,-34.48,-54.34,289.57,2.07
452,Hasaki,75,JP,1578444964,100,35.73,140.83,278.15,1.5
453,Hobbs,1,US,1578444964,19,32.7,-103.14,284.15,2.1
454,Rundu,100,NA,1578444964,100,-17.91,19.77,294.15,1.0
455,Muana,99,BR,1578444965,90,-1.53,-49.22,297.83,2.97
456,Araouane,81,ML,1578444965,15,18.9,-3.53,289.1,3.62
457,Tiznit,0,MA,1578444965,49,29.7,-9.73,282.74,1.13
458,Si Sa Ket,86,TH,1578444965,88,15.12,104.33,294.26,2.1
459,Rafai,0,CF,1578444965,34,4.95,23.92,294.93,1.58
460,Ulaangom,99,MN,1578444965,91,49.98,92.07,247.63,0.54
461,Bradford,20,GB,1578444965,81,53.79,-1.75,286.15,11.8
462,Kattivakkam,20,IN,1578444965,94,13.22,80.32,298.71,5.14
463,Trelew,11,AR,1578444681,19,-43.25,-65.31,297.02,14.17
464,Pacatuba,0,BR,1578444966,78,-10.45,-36.65,298.84,4.03
465,Zadar,33,HR,1578444966,36,44.12,15.24,281.15,4.1
466,Bukama,100,CD,1578444966,97,-9.2,25.85,294.14,0.71
467,Xining,100,CN,1578444966,66,36.62,101.77,264.69,2.14
468,Kimbe,95,PG,1578444966,60,-5.56,150.15,304.77,0.86
469,Auki,63,NG,1578444967,21,12.18,6.51,293.78,5.93
470,Port Hawkesbury,40,CA,1578444967,92,45.62,-61.36,270.93,2.6
471,General Pico,51,AR,1578444967,39,-35.66,-63.75,297.35,3.61
472,Omboue,99,GA,1578444967,94,-1.57,9.26,297.69,1.19
473,Bonwapitse,97,BW,1578444967,39,-23.08,26.7,298.57,7.69
474,Cortes,82,PH,1578444967,79,9.28,126.19,299.83,3.66
475,Aykhal,75,RU,1578444967,92,65.95,111.51,258.15,2.0
476,Sucua,17,EC,1578444967,97,-2.46,-78.17,291.83,0.84
477,Itupiranga,100,BR,1578444959,100,-5.13,-49.33,298.15,1.0
478,Eyl,92,SO,1578444968,75,7.98,49.82,298.93,9.83
479,Tautira,40,PF,1578444968,70,-17.73,-149.15,304.15,3.6
480,Havelock,20,US,1578444968,50,34.88,-76.9,287.15,7.7
481,Monkey Bay,100,MW,1578444968,70,-14.08,34.91,299.87,0.47
482,Lamar,1,US,1578444968,24,38.09,-102.62,282.15,6.2
483,Minot,1,US,1578444968,71,48.23,-101.3,258.15,3.6
484,Leh,93,IN,1578444968,95,34.16,77.58,256.86,2.09
485,Los Llanos de Aridane,40,ES,1578444969,68,28.66,-17.92,292.15,3.6
486,Cururupu,45,BR,1578444969,90,-1.82,-44.87,296.99,1.19
487,Clyde River,20,CA,1578444969,50,70.47,-68.59,244.15,3.1
488,Kangaatsiaq,100,GL,1578444969,99,68.31,-53.46,254.61,8.23
489,Massafra,5,IT,1578444969,100,40.59,17.12,280.37,2.6
490,Summerland,90,CA,1578444969,95,49.6,-119.67,273.71,3.6
491,Lakhdenpokhya,100,RU,1578444969,89,61.52,30.2,275.93,4.24
492,Zalantun,0,CN,1578444969,88,48.0,122.72,255.87,2.99
493,Sao Joao da Barra,85,BR,1578444969,88,-21.64,-41.05,298.95,7.85
494,Mount Isa,95,AU,1578444970,43,-20.73,139.49,306.15,3.1
495,Flinders,75,AU,1578444970,64,-34.58,150.85,299.26,5.1
496,Nantucket,90,US,1578444725,64,41.28,-70.1,277.59,4.6
497,Oum Hadjer,0,TD,1578444970,16,13.3,19.7,294.15,5.33
498,Roznava,0,SK,1578444970,92,48.66,20.54,266.48,1.0
499,Novyy Urengoy,87,RU,1578444970,96,66.08,76.63,252.77,4.67
500,Gizo,40,IL,1578444970,57,31.8,34.94,284.15,8.2
501,Pangody,31,RU,1578444970,96,65.85,74.49,252.4,4.37
502,Yuncheng,62,CN,1578444970,83,35.03,111.0,271.92,0.83
503,Cedar City,1,US,1578444971,36,37.68,-113.06,280.15,6.2
504,Beringovskiy,97,RU,1578444971,98,63.05,179.32,252.67,3.17
505,Labuhan,100,ID,1578444971,77,-2.54,115.51,298.69,0.1
506,Phonhong,52,LA,1578444971,100,18.5,102.42,292.15,1.0
507,Cairns,40,AU,1578444927,66,-16.92,145.77,303.15,5.1
508,Manitouwadge,100,CA,1578444972,93,49.12,-85.84,256.14,4.2
509,Pavilosta,92,LV,1578444972,100,56.89,21.19,278.15,7.7
510,Port-Cartier,40,CA,1578444972,92,50.03,-66.88,260.93,2.6
511,San Juan,0,AR,1578444881,25,-31.54,-68.53,304.9,8.28
512,Gallup,1,US,1578444972,51,35.53,-108.74,277.15,1.18
513,Telimele,19,GN,1578444972,39,10.9,-13.03,291.32,0.56
514,Lodwar,78,KE,1578444972,44,3.12,35.6,302.93,5.81
515,Zhigansk,100,RU,1578444972,97,66.77,123.37,252.88,3.16
516,Nagorsk,100,RU,1578444973,98,59.32,50.8,259.69,2.81
517,Tuatapere,100,NZ,1578444973,50,-46.13,167.69,288.83,1.6
518,Fukue,75,JP,1578444973,87,35.03,136.69,285.15,2.6
519,Akdagmadeni,100,TR,1578444973,91,39.66,35.88,271.52,7.15
520,Taoudenni,0,ML,1578444973,18,22.68,-3.98,286.72,6.08
521,Ambilobe,36,MG,1578444973,91,-13.19,49.05,297.55,1.96
522,Port Lincoln,0,AU,1578444973,48,-34.72,135.86,296.99,3.52
523,Ibaiti,100,BR,1578444973,92,-23.85,-50.19,294.26,1.34
524,Giyani,0,ZA,1578444974,61,-23.32,30.73,294.95,3.47
525,Guanay,100,BO,1578444974,97,-15.5,-67.88,294.34,0.62
526,Waynesboro,1,US,1578444974,48,35.32,-87.76,282.15,2.1
527,Pondicherry,75,ZA,1578444974,100,-34.04,18.35,292.59,2.6
528,Ostrovnoy,100,RU,1578444974,96,68.05,39.51,274.57,7.72
529,Egvekinot,0,RU,1578444974,65,66.32,-179.17,245.28,1.49
530,Varnavino,100,RU,1578444974,94,61.19,46.56,264.48,3.83
531,Visby,79,SE,1578444974,87,57.64,18.3,279.26,10.8
532,Kerikeri,40,NZ,1578444974,45,-35.23,173.95,295.37,3.58
533,Flin Flon,5,CA,1578444820,69,54.77,-101.88,248.15,2.6
534,Sarangani,93,PH,1578444975,72,5.4,125.46,300.73,8.48
535,Valparaiso,90,US,1578444803,69,41.47,-87.06,276.15,6.2
536,Dubbo,44,AU,1578444813,26,-32.25,148.6,308.15,5.1
537,Agbor,100,NG,1578444975,71,6.26,6.15,295.56,1.23
538,Baisha,20,CN,1578444975,93,19.23,109.45,289.74,0.49
539,Zhangjiakou,0,CN,1578444975,83,40.77,114.88,256.79,2.35
540,Tongzi,100,CN,1578444975,74,28.78,105.09,283.0,0.87
541,Puerto Escondido,5,MX,1578444976,70,15.86,-97.07,302.15,0.69
542,Guane,57,CU,1578444976,78,22.2,-84.09,294.95,6.97
543,Aranos,30,NA,1578444976,70,-24.14,19.11,296.11,4.08
544,Igrim,91,RU,1578444976,93,63.19,64.42,258.92,2.58
545,Fuerte Olimpo,100,BR,1578444785,90,-21.04,-57.87,299.34,1.51
546,Coari,100,BR,1578444976,86,-4.09,-63.14,299.09,0.7
547,Hami,0,CN,1578444976,59,42.84,93.51,263.43,1.75
548,San Quintin,32,PH,1578444976,74,17.54,120.52,295.78,1.68
549,Tevaitoa,2,PF,1578444976,79,-16.78,-151.5,301.12,7.53
550,Nicoya,2,CR,1578444976,58,10.15,-85.45,301.15,10.3
551,Itacoatiara,85,BR,1578444754,87,-3.14,-58.44,298.67,1.12
552,Huai Thalaeng,7,TH,1578444977,82,15.0,102.65,297.59,4.6
553,San Cristobal,61,HN,1578444977,94,14.68,-86.92,290.99,2.61
554,Murfreesboro,1,US,1578444977,52,35.85,-86.39,282.15,1.5
555,Boyolangu,11,ID,1578444977,87,-8.09,111.9,298.17,1.93
556,Mezen,100,RU,1578444977,94,65.85,44.24,270.71,7.63
557,Ruteng,100,ID,1578444977,93,-8.61,120.46,295.21,1.51
558,Melville,1,CA,1578444978,76,50.93,-102.81,250.15,1.5
559,Nouadhibou,46,MR,1578444906,62,20.93,-17.03,288.15,7.7
560,Svetlaya,76,RU,1578444978,51,46.54,138.33,269.26,0.72
561,Edgewater,1,US,1578444978,93,28.99,-80.9,290.93,1.52
562,Arlit,62,NE,1578444905,14,18.74,7.39,291.05,6.24
563,Lyubytino,100,RU,1578444978,97,58.81,33.39,274.27,3.83
564,Bonnyville,75,CA,1578444885,58,54.27,-110.74,253.15,4.1
565,Hamilton,90,CA,1578444727,74,43.26,-79.87,276.15,6.7
566,Marshall,1,US,1578444979,52,39.12,-93.2,281.48,3.1
567,Alice Springs,91,AU,1578444979,24,-23.7,133.88,307.15,7.7
568,Victor Harbor,37,AU,1578444979,34,-35.55,138.62,303.71,4.6
569,Ito,75,JP,1578444979,77,34.93,139.09,290.15,12.3
570,Constitucion,5,MX,1578444979,15,23.99,-104.67,293.15,2.6
571,Amahai,100,ID,1578444980,73,-3.31,129.0,301.0,3.72
